{
  "DisplayName": "Main",
  "Tooltip": null,
  "HelpLink": null,
  "Color": null,
  "OriginalIconFileName": null,
  "Arguments": [
    {
      "Name": "in_ConfigFilePath",
      "DisplayName": "in_ConfigFilePath",
      "Category": null,
      "Tooltip": "Path to the Excel workbook that contains the configuration parameters to be used by Orchestrator Manager.",
      "Placeholder": "Config.xlsx",
      "Widget": null,
      "IsRequired": false,
      "IsPrincipal": true,
      "ArgumentType": 0,
      "DataSourceItems": null
    }
  ]
}