{
  "properties": {
    "connectionReferences": {
      "shared_sharepointonline": {
        "runtimeSource": "invoker",
        "connection": {
          "connectionReferenceLogicalName": "new_sharedsharepointonline_23ac3"
        },
        "api": {
          "name": "shared_sharepointonline"
        }
      }
    },
    "definition": {
      "$schema": "https://schema.management.azure.com/providers/Microsoft.Logic/schemas/2016-06-01/workflowdefinition.json#",
      "contentVersion": "1.0.0.0",
      "parameters": {
        "$connections": {
          "defaultValue": {},
          "type": "Object"
        },
        "$authentication": {
          "defaultValue": {},
          "type": "SecureObject"
        }
      },
      "triggers": {
        "manual": {
          "metadata": {
            "operationMetadataId": "183b6e14-e018-47df-91a8-56dc8a9370d8"
          },
          "type": "Request",
          "kind": "PowerAppV2",
          "inputs": {
            "schema": {
              "type": "object",
              "properties": {
                "file": {
                  "title": "File Content",
                  "type": "object",
                  "x-ms-dynamically-added": true,
                  "description": "Please select file or image",
                  "x-ms-content-hint": "FILE",
                  "properties": {
                    "name": {
                      "type": "string"
                    },
                    "contentBytes": {
                      "type": "string",
                      "format": "byte"
                    }
                  }
                }
              },
              "required": []
            }
          }
        }
      },
      "actions": {
        "Create_file": {
          "runAfter": {},
          "metadata": {
            "operationMetadataId": "a4a82150-4aab-4d41-9e6b-1107074715d9"
          },
          "type": "OpenApiConnection",
          "inputs": {
            "host": {
              "connectionName": "shared_sharepointonline",
              "operationId": "CreateFile",
              "apiId": "/providers/Microsoft.PowerApps/apis/shared_sharepointonline"
            },
            "parameters": {
              "dataset": "https://nikeshthinkbridge.sharepoint.com/sites/Power_Apps2/",
              "folderPath": "/Student_Admission",
              "name": "@triggerBody()['file']['name']",
              "body": "@triggerBody()['file']['contentBytes']"
            },
            "authentication": "@parameters('$authentication')"
          },
          "runtimeConfiguration": {
            "contentTransfer": {
              "transferMode": "Chunked"
            }
          }
        },
        "Respond_to_a_Power_App_or_flow": {
          "runAfter": {
            "Create_file": [
              "Succeeded"
            ]
          },
          "metadata": {
            "operationMetadataId": "128b87eb-deb9-4d4b-bdff-7c47f5aaf1e5"
          },
          "type": "Response",
          "kind": "PowerApp",
          "inputs": {
            "statusCode": 200,
            "body": {
              "file_uploaded": "yes"
            },
            "schema": {
              "type": "object",
              "properties": {
                "file_uploaded": {
                  "title": "file uploaded",
                  "x-ms-dynamically-added": true,
                  "type": "string"
                }
              }
            }
          }
        }
      }
    },
    "templateName": ""
  },
  "schemaVersion": "1.0.0.0"
}