<ImportExportXml version="9.2.24061.176" SolutionPackageVersion="9.2" languagecode="1033" generatedBy="CrmLive" xmlns:xsi="http://www.w3.org/2001/XMLSchema-instance">
  <SolutionManifest>
    <UniqueName>Power_Apps_POC</UniqueName>
    <LocalizedNames>
      <LocalizedName description="Power_Apps_POC" languagecode="1033" />
    </LocalizedNames>
    <Descriptions />
    <Version>1.0.0.11</Version>
    <Managed>0</Managed>
    <Publisher>
      <UniqueName>DefaultPublisherorg01b2cc04</UniqueName>
      <LocalizedNames>
        <LocalizedName description="Default Publisher for org01b2cc04" languagecode="1033" />
      </LocalizedNames>
      <Descriptions>
        <Description description="Default publisher for this organization" languagecode="1033" />
      </Descriptions>
      <EMailAddress xsi:nil="true"></EMailAddress>
      <SupportingWebsiteUrl xsi:nil="true"></SupportingWebsiteUrl>
      <CustomizationPrefix>new</CustomizationPrefix>
      <CustomizationOptionValuePrefix>10000</CustomizationOptionValuePrefix>
      <Addresses>
        <Address>
          <AddressNumber>1</AddressNumber>
          <AddressTypeCode xsi:nil="true"></AddressTypeCode>
          <City xsi:nil="true"></City>
          <County xsi:nil="true"></County>
          <Country xsi:nil="true"></Country>
          <Fax xsi:nil="true"></Fax>
          <FreightTermsCode xsi:nil="true"></FreightTermsCode>
          <ImportSequenceNumber xsi:nil="true"></ImportSequenceNumber>
          <Latitude xsi:nil="true"></Latitude>
          <Line1 xsi:nil="true"></Line1>
          <Line2 xsi:nil="true"></Line2>
          <Line3 xsi:nil="true"></Line3>
          <Longitude xsi:nil="true"></Longitude>
          <Name xsi:nil="true"></Name>
          <PostalCode xsi:nil="true"></PostalCode>
          <PostOfficeBox xsi:nil="true"></PostOfficeBox>
          <PrimaryContactName xsi:nil="true"></PrimaryContactName>
          <ShippingMethodCode xsi:nil="true"></ShippingMethodCode>
          <StateOrProvince xsi:nil="true"></StateOrProvince>
          <Telephone1 xsi:nil="true"></Telephone1>
          <Telephone2 xsi:nil="true"></Telephone2>
          <Telephone3 xsi:nil="true"></Telephone3>
          <TimeZoneRuleVersionNumber xsi:nil="true"></TimeZoneRuleVersionNumber>
          <UPSZone xsi:nil="true"></UPSZone>
          <UTCOffset xsi:nil="true"></UTCOffset>
          <UTCConversionTimeZoneCode xsi:nil="true"></UTCConversionTimeZoneCode>
        </Address>
        <Address>
          <AddressNumber>2</AddressNumber>
          <AddressTypeCode xsi:nil="true"></AddressTypeCode>
          <City xsi:nil="true"></City>
          <County xsi:nil="true"></County>
          <Country xsi:nil="true"></Country>
          <Fax xsi:nil="true"></Fax>
          <FreightTermsCode xsi:nil="true"></FreightTermsCode>
          <ImportSequenceNumber xsi:nil="true"></ImportSequenceNumber>
          <Latitude xsi:nil="true"></Latitude>
          <Line1 xsi:nil="true"></Line1>
          <Line2 xsi:nil="true"></Line2>
          <Line3 xsi:nil="true"></Line3>
          <Longitude xsi:nil="true"></Longitude>
          <Name xsi:nil="true"></Name>
          <PostalCode xsi:nil="true"></PostalCode>
          <PostOfficeBox xsi:nil="true"></PostOfficeBox>
          <PrimaryContactName xsi:nil="true"></PrimaryContactName>
          <ShippingMethodCode xsi:nil="true"></ShippingMethodCode>
          <StateOrProvince xsi:nil="true"></StateOrProvince>
          <Telephone1 xsi:nil="true"></Telephone1>
          <Telephone2 xsi:nil="true"></Telephone2>
          <Telephone3 xsi:nil="true"></Telephone3>
          <TimeZoneRuleVersionNumber xsi:nil="true"></TimeZoneRuleVersionNumber>
          <UPSZone xsi:nil="true"></UPSZone>
          <UTCOffset xsi:nil="true"></UTCOffset>
          <UTCConversionTimeZoneCode xsi:nil="true"></UTCConversionTimeZoneCode>
        </Address>
      </Addresses>
    </Publisher>
    <RootComponents>
      <RootComponent type="29" id="{5dee09a3-2c18-ef11-840a-6045bdceed77}" behavior="0" />
      <RootComponent type="29" id="{d5046362-2318-ef11-840a-6045bd731046}" behavior="0" />
      <RootComponent type="300" schemaName="new_resumescreening_11e20" behavior="0" />
      <RootComponent type="300" schemaName="new_studentschooladmission_3c2e4" behavior="0" />
      <RootComponent type="372" id="{381ca594-f93d-44ef-9436-06f9c5bad17c}" schemaName="new_chatgpt" behavior="0" />
    </RootComponents>
    <MissingDependencies>
      <MissingDependency>
        <Required type="29" displayName="Extract_PDF_Data" solution="Active" id="{3b39f953-231e-4dd8-9f12-d105ce22bec5}" />
        <Dependent type="29" displayName="ResumeScreening_With_ChatGPT" id="{5dee09a3-2c18-ef11-840a-6045bdceed77}" />
      </MissingDependency>
      <MissingDependency>
        <Required type="29" displayName="UploadFileToSharePoint_From_Power Apps" solution="Active" id="{45b04ec8-fd1b-ef11-840a-6045bdceed77}" />
        <Dependent type="300" schemaName="new_studentschooladmission_3c2e4" displayName="Student_School_Admission" />
      </MissingDependency>
      <MissingDependency>
        <Required type="connectionreference" displayName="new_sharedsharepointonline_23ac3" solution="Active" id.connectionreferencelogicalname="new_sharedsharepointonline_23ac3" />
        <Dependent type="29" displayName="UploadFileIntoSharePoint" id="{d5046362-2318-ef11-840a-6045bd731046}" />
      </MissingDependency>
      <MissingDependency>
        <Required type="connectionreference" displayName="new_shareduiflow_243fa" solution="Active" id.connectionreferencelogicalname="new_shareduiflow_243fa" />
        <Dependent type="29" displayName="ResumeScreening_With_ChatGPT" id="{5dee09a3-2c18-ef11-840a-6045bdceed77}" />
      </MissingDependency>
    </MissingDependencies>
  </SolutionManifest>
</ImportExportXml>